[
  {
    "letter": "a",
    "success": false,
    "error": false
  },
  {
    "letter": "b",
    "success": false,
    "error": false
  },
  {
    "letter": "c",
    "success": false,
    "error": false
  },
  {
    "letter": "d",
    "success": false,
    "error": false
  },
  {
    "letter": "e",
    "success": false,
    "error": false
  },
  {
    "letter": "f",
    "success": false,
    "error": false
  },
  {
    "letter": "g",
    "success": false,
    "error": false
  },
  {
    "letter": "h",
    "success": false,
    "error": false
  },
  {
    "letter": "i",
    "success": false,
    "error": false
  },
  {
    "letter": "j",
    "success": false,
    "error": false
  },
  {
    "letter": "k",
    "success": false,
    "error": false
  },
  {
    "letter": "l",
    "success": false,
    "error": false
  },
  {
    "letter": "m",
    "success": false,
    "error": false
  },
  {
    "letter": "n",
    "success": false,
    "error": false
  },
  {
    "letter": "ñ",
    "success": false,
    "error": false
  },
  {
    "letter": "o",
    "success": false,
    "error": false
  },
  {
    "letter": "p",
    "success": false,
    "error": false
  },
  {
    "letter": "q",
    "success": false,
    "error": false
  },
  {
    "letter": "r",
    "success": false,
    "error": false
  },
  {
    "letter": "s",
    "success": false,
    "error": false
  },
  {
    "letter": "t",
    "success": false,
    "error": false
  },
  {
    "letter": "u",
    "success": false,
    "error": false
  },
  {
    "letter": "v",
    "success": false,
    "error": false
  },
  {
    "letter": "w",
    "success": false,
    "error": false
  },
  {
    "letter": "x",
    "success": false,
    "error": false
  },
  {
    "letter": "y",
    "success": false,
    "error": false
  },
  {
    "letter": "z",
    "success": false,
    "error": false
  }
]