[{"category":1,"name":"perro"},{"category":1,"name":"abeja"},{"category":1,"name":"asno"},{"category":1,"name":"alce"},{"category":7,"name":"bulbasaur"},{"category":7,"name":"ivysaur"},{"category":7,"name":"venusaur"},{"category":7,"name":"charmander"},{"category":7,"name":"charmeleon"},{"category":7,"name":"charizard"},{"category":7,"name":"squirtle"},{"category":7,"name":"wartortle"},{"category":7,"name":"blastoise"},{"category":7,"name":"caterpie"},{"category":7,"name":"metapod"},{"category":7,"name":"butterfree"},{"category":7,"name":"weedle"},{"category":7,"name":"kakuna"},{"category":7,"name":"beedrill"},{"category":7,"name":"pidgey"},{"category":7,"name":"pidgeotto"},{"category":7,"name":"pidgeot"},{"category":7,"name":"rattata"},{"category":1,"name":"cabra"},{"category":1,"name":"gorila"},{"category":5,"name":"espa\u00f1a"},{"category":5,"name":"italia"},{"category":7,"name":"raticate"},{"category":7,"name":"spearow"},{"category":7,"name":"fearow"},{"category":7,"name":"ekans"},{"category":7,"name":"arbok"},{"category":7,"name":"pikachu"},{"category":7,"name":"raichu"},{"category":7,"name":"sandshrew"},{"category":7,"name":"sandslash"},{"category":7,"name":"nidoran"},{"category":7,"name":"nidorina"},{"category":7,"name":"nidorino"},{"category":7,"name":"nidoqueen"},{"category":7,"name":"nidoking"},{"category":7,"name":"clefairy"},{"category":7,"name":"clefable"},{"category":7,"name":"vulpix"},{"category":7,"name":"ninetales"},{"category":7,"name":"jigglypuff"},{"category":7,"name":"wigglytuff"},{"category":7,"name":"zubat"},{"category":7,"name":"golbat"},{"category":4,"name":"mikel"},{"category":6,"name":"los angeles"},{"category":8,"name":"ser"},{"category":9,"name":"el se\u00f1or de los anillos"},{"category":10,"name":"leonardo dicaprio"},{"category":10,"name":"mila kunis"},{"category":11,"name":"rihanna"},{"category":3,"name":"tulipan"},{"category":2,"name":"pino"},{"category":7,"name":"oddish"},{"category":7,"name":"gloom"},{"category":7,"name":"vileplume"},{"category":7,"name":"paras"},{"category":7,"name":"parasect"},{"category":7,"name":"venonat"},{"category":7,"name":"venomoth"},{"category":7,"name":"diglett"},{"category":7,"name":"dugtrio"},{"category":7,"name":"meowth"},{"category":7,"name":"persian"},{"category":7,"name":"psyduck"},{"category":7,"name":"golduck"},{"category":7,"name":"mankey"},{"category":7,"name":"primeape"},{"category":7,"name":"growlithe"},{"category":7,"name":"arcanine"},{"category":7,"name":"poliwag"},{"category":7,"name":"poliwhirl"},{"category":7,"name":"poliwrath"},{"category":7,"name":"abra"},{"category":7,"name":"kadabra"},{"category":7,"name":"alakazam"},{"category":7,"name":"machop"},{"category":7,"name":"machoke"},{"category":7,"name":"machamp"},{"category":7,"name":"bellsprout"},{"category":7,"name":"weepinbell"},{"category":7,"name":"victreebel"},{"category":7,"name":"tentacool"},{"category":7,"name":"tentacruel"},{"category":7,"name":"geodude"},{"category":7,"name":"graveler"},{"category":7,"name":"golem"},{"category":7,"name":"ponyta"},{"category":7,"name":"rapidash"},{"category":7,"name":"slowpoke"},{"category":7,"name":"slowbro"},{"category":7,"name":"magnemite"},{"category":7,"name":"magneton"},{"category":7,"name":"farfetchd"},{"category":7,"name":"doduo"},{"category":7,"name":"dodrio"},{"category":7,"name":"seel"},{"category":7,"name":"dewgong"},{"category":7,"name":"grimer"},{"category":7,"name":"muk"},{"category":7,"name":"shellder"},{"category":7,"name":"cloyster"},{"category":7,"name":"gastly"},{"category":7,"name":"haunter"},{"category":7,"name":"gengar"},{"category":7,"name":"onix"},{"category":7,"name":"drowzee"},{"category":7,"name":"hypno"},{"category":7,"name":"krabby"},{"category":7,"name":"kingler"},{"category":7,"name":"voltorb"},{"category":7,"name":"electrode"},{"category":7,"name":"exeggcute"},{"category":7,"name":"exeggutor"},{"category":7,"name":"cubone"},{"category":7,"name":"marowak"},{"category":7,"name":"hitmonlee"},{"category":7,"name":"hitmonchan"},{"category":7,"name":"lickitung"},{"category":7,"name":"koffing"},{"category":7,"name":"weezing"},{"category":7,"name":"rhyhorn"},{"category":7,"name":"rhydon"},{"category":7,"name":"chansey"},{"category":7,"name":"tangela"},{"category":7,"name":"kangaskhan"},{"category":7,"name":"horsea"},{"category":7,"name":"seadra"},{"category":7,"name":"goldeen"},{"category":7,"name":"seaking"},{"category":7,"name":"staryu"},{"category":7,"name":"starmie"},{"category":7,"name":"mr mime"},{"category":7,"name":"scyther"},{"category":7,"name":"jynx"},{"category":7,"name":"electabuzz"},{"category":7,"name":"magmar"},{"category":7,"name":"pinsir"},{"category":7,"name":"tauros"},{"category":7,"name":"magikarp"},{"category":7,"name":"gyarados"},{"category":7,"name":"lapras"},{"category":7,"name":"ditto"},{"category":7,"name":"eevee"},{"category":7,"name":"vaporeon"},{"category":7,"name":"jolteon"},{"category":7,"name":"flareon"},{"category":7,"name":"porygon"},{"category":7,"name":"omanyte"},{"category":7,"name":"omastar"},{"category":7,"name":"kabuto"},{"category":7,"name":"kabutops"},{"category":7,"name":"aerodactyl"},{"category":7,"name":"snorlax"},{"category":7,"name":"articuno"},{"category":7,"name":"zapdos"},{"category":7,"name":"moltres"},{"category":7,"name":"dratini"},{"category":7,"name":"dragonair"},{"category":7,"name":"dragonite"},{"category":7,"name":"mew"},{"category":7,"name":"chikorita"},{"category":7,"name":"bayleef"},{"category":7,"name":"meganium"},{"category":7,"name":"cyndaquil"},{"category":7,"name":"quilava"},{"category":7,"name":"typhlosion"},{"category":7,"name":"totodile"},{"category":7,"name":"croconaw"},{"category":7,"name":"feraligatr"},{"category":7,"name":"sentret"},{"category":7,"name":"furret"},{"category":7,"name":"hoothoot"},{"category":7,"name":"noctowl"},{"category":7,"name":"ledyba"},{"category":7,"name":"ledian"},{"category":7,"name":"spinarak"},{"category":7,"name":"ariados"},{"category":7,"name":"crobat"},{"category":7,"name":"chinchou"},{"category":7,"name":"lanturn"},{"category":7,"name":"pichu"},{"category":7,"name":"cleffa"},{"category":7,"name":"igglybuff"},{"category":7,"name":"togepi"},{"category":7,"name":"togetic"},{"category":7,"name":"natu"},{"category":7,"name":"xatu"},{"category":7,"name":"mareep"},{"category":7,"name":"flaaffy"},{"category":7,"name":"ampharos"},{"category":7,"name":"bellossom"},{"category":7,"name":"marill"},{"category":7,"name":"azumarill"},{"category":7,"name":"sudowoodo"},{"category":7,"name":"politoed"},{"category":7,"name":"hoppip"},{"category":7,"name":"skiploom"},{"category":7,"name":"jumpluff"},{"category":7,"name":"aipom"},{"category":7,"name":"sunkern"},{"category":7,"name":"sunflora"},{"category":7,"name":"yanma"},{"category":7,"name":"wooper"},{"category":7,"name":"quagsire"},{"category":7,"name":"espeon"},{"category":7,"name":"umbreon"},{"category":7,"name":"murkrow"},{"category":7,"name":"slowking"},{"category":7,"name":"misdreavus"},{"category":7,"name":"unown"},{"category":7,"name":"wobbuffet"},{"category":7,"name":"girafarig"},{"category":7,"name":"pineco"},{"category":7,"name":"forretress"},{"category":7,"name":"dunsparce"},{"category":7,"name":"gligar"},{"category":7,"name":"steelix"},{"category":7,"name":"snubbull"},{"category":7,"name":"granbull"},{"category":7,"name":"qwilfish"},{"category":7,"name":"scizor"},{"category":7,"name":"shuckle"},{"category":7,"name":"heracross"},{"category":7,"name":"sneasel"},{"category":7,"name":"teddiursa"},{"category":7,"name":"ursaring"},{"category":7,"name":"slugma"},{"category":7,"name":"magcargo"},{"category":7,"name":"swinub"},{"category":7,"name":"piloswine"},{"category":7,"name":"corsola"},{"category":7,"name":"remoraid"},{"category":7,"name":"octillery"},{"category":7,"name":"delibird"},{"category":7,"name":"mantine"},{"category":7,"name":"skarmory"},{"category":7,"name":"houndour"},{"category":7,"name":"houndoom"},{"category":7,"name":"kingdra"},{"category":7,"name":"phanpy"},{"category":7,"name":"donphan"},{"category":7,"name":"stantler"},{"category":7,"name":"smeargle"},{"category":7,"name":"tyrogue"},{"category":7,"name":"hitmontop"},{"category":7,"name":"smoochum"},{"category":7,"name":"elekid"},{"category":7,"name":"magby"},{"category":7,"name":"miltank"},{"category":7,"name":"blissey"},{"category":7,"name":"raikou"},{"category":7,"name":"entei"},{"category":7,"name":"suicune"},{"category":7,"name":"larvitar"},{"category":7,"name":"pupitar"},{"category":7,"name":"tyranitar"},{"category":7,"name":"lugia"},{"category":7,"name":"ho oh"},{"category":7,"name":"celebi"},{"category":7,"name":"treecko"},{"category":7,"name":"grovyle"},{"category":7,"name":"sceptile"},{"category":7,"name":"torchic"},{"category":7,"name":"combusken"},{"category":7,"name":"blaziken"},{"category":7,"name":"mudkip"},{"category":7,"name":"marshtomp"},{"category":7,"name":"swampert"},{"category":7,"name":"poochyena"},{"category":7,"name":"mightyena"},{"category":7,"name":"zigzagoon"},{"category":7,"name":"linoone"},{"category":7,"name":"wurmple"},{"category":7,"name":"silcoon"},{"category":7,"name":"beautifly"},{"category":7,"name":"cascoon"},{"category":7,"name":"dustox"},{"category":7,"name":"lotad"},{"category":7,"name":"lombre"},{"category":7,"name":"ludicolo"},{"category":7,"name":"seedot"},{"category":7,"name":"nuzleaf"},{"category":7,"name":"shiftry"},{"category":7,"name":"swellow"},{"category":7,"name":"wingull"},{"category":7,"name":"pelipper"},{"category":7,"name":"ralts"},{"category":7,"name":"kirlia"},{"category":7,"name":"gardevoir"},{"category":7,"name":"surskit"},{"category":7,"name":"masquerain"},{"category":7,"name":"shroomish"},{"category":7,"name":"breloom"},{"category":7,"name":"slakoth"},{"category":7,"name":"vigoroth"},{"category":7,"name":"slaking"},{"category":7,"name":"nincada"},{"category":7,"name":"ninjask"},{"category":7,"name":"shedinja"},{"category":7,"name":"whismur"},{"category":7,"name":"loudred"},{"category":7,"name":"exploud"},{"category":7,"name":"makuhita"},{"category":7,"name":"hariyama"},{"category":7,"name":"azurill"},{"category":7,"name":"nosepass"},{"category":7,"name":"skitty"},{"category":7,"name":"delcatty"},{"category":7,"name":"sableye"},{"category":7,"name":"mawile"},{"category":7,"name":"aron"},{"category":7,"name":"lairon"},{"category":7,"name":"aggron"},{"category":7,"name":"meditite"},{"category":7,"name":"medicham"},{"category":7,"name":"electrike"},{"category":7,"name":"manectric"},{"category":7,"name":"plusle"},{"category":7,"name":"minun"},{"category":7,"name":"volbeat"},{"category":7,"name":"illumise"},{"category":7,"name":"roselia"},{"category":7,"name":"gulpin"},{"category":7,"name":"swalot"},{"category":7,"name":"carvanha"},{"category":7,"name":"sharpedo"},{"category":7,"name":"wailmer"},{"category":7,"name":"wailord"},{"category":7,"name":"numel"},{"category":7,"name":"camerupt"},{"category":7,"name":"torkoal"},{"category":7,"name":"spoink"},{"category":7,"name":"grumpig"},{"category":7,"name":"spinda"},{"category":7,"name":"trapinch"},{"category":7,"name":"vibrava"},{"category":7,"name":"flygon"},{"category":7,"name":"cacnea"},{"category":7,"name":"cacturne"},{"category":7,"name":"swablu"},{"category":7,"name":"altaria"},{"category":7,"name":"zangoose"},{"category":7,"name":"seviper"},{"category":7,"name":"lunatone"},{"category":7,"name":"solrock"},{"category":7,"name":"barboach"},{"category":7,"name":"whiscash"},{"category":7,"name":"corphish"},{"category":7,"name":"crawdaunt"},{"category":7,"name":"baltoy"},{"category":7,"name":"claydol"},{"category":7,"name":"lileep"},{"category":7,"name":"cradily"},{"category":7,"name":"anorith"},{"category":7,"name":"armaldo"},{"category":7,"name":"feebas"},{"category":7,"name":"milotic"},{"category":7,"name":"castform"},{"category":7,"name":"kecleon"},{"category":7,"name":"shuppet"},{"category":7,"name":"banette"},{"category":7,"name":"duskull"},{"category":7,"name":"dusclops"},{"category":7,"name":"tropius"},{"category":7,"name":"chimecho"},{"category":7,"name":"absol"},{"category":7,"name":"wynaut"},{"category":7,"name":"snorunt"},{"category":7,"name":"glalie"},{"category":7,"name":"spheal"},{"category":7,"name":"sealeo"},{"category":7,"name":"walrein"},{"category":7,"name":"clamperl"},{"category":7,"name":"huntail"},{"category":7,"name":"gorebyss"},{"category":7,"name":"relicanth"},{"category":7,"name":"luvdisc"},{"category":7,"name":"bagon"},{"category":7,"name":"shelgon"},{"category":7,"name":"salamence"},{"category":7,"name":"beldum"},{"category":7,"name":"metang"},{"category":7,"name":"metagross"},{"category":7,"name":"regirock"},{"category":7,"name":"regice"},{"category":7,"name":"registeel"},{"category":7,"name":"latias"},{"category":7,"name":"latios"},{"category":7,"name":"kyogre"},{"category":7,"name":"groudon"},{"category":7,"name":"rayquaza"},{"category":7,"name":"jirachi"},{"category":7,"name":"deoxys"},{"category":1,"name":"ardilla"},{"category":1,"name":"armadillo"},{"category":1,"name":"ballena"},{"category":1,"name":"bisonte"},{"category":1,"name":"bufalo"},{"category":1,"name":"caballo"},{"category":1,"name":"cachalote"},{"category":1,"name":"canguro"},{"category":1,"name":"capibara"},{"category":1,"name":"cebra"},{"category":1,"name":"chacal"},{"category":1,"name":"chimpance"},{"category":1,"name":"chinchilla"},{"category":1,"name":"ciervo"},{"category":1,"name":"cobaya"},{"category":1,"name":"coipo"},{"category":1,"name":"comadreja"},{"category":1,"name":"conejo"},{"category":1,"name":"coyote"},{"category":1,"name":"delfin"},{"category":1,"name":"dingo"},{"category":1,"name":"dromedario"},{"category":1,"name":"elefante"},{"category":1,"name":"erizo"},{"category":1,"name":"foca"},{"category":1,"name":"gacela"},{"category":1,"name":"gineta"},{"category":1,"name":"leopardo"},{"category":1,"name":"guepardo"},{"category":1,"name":"hamster"},{"category":1,"name":"hiena"},{"category":1,"name":"hipopotamo"},{"category":1,"name":"huron"},{"category":1,"name":"impala"},{"category":1,"name":"jabali"},{"category":1,"name":"jaguar"},{"category":1,"name":"jerbo"},{"category":1,"name":"jirafa"},{"category":1,"name":"koala"},{"category":1,"name":"leon"},{"category":1,"name":"liebre"},{"category":1,"name":"lince"},{"category":1,"name":"liron"},{"category":1,"name":"lobo"},{"category":1,"name":"mandril"},{"category":1,"name":"mapache"},{"category":1,"name":"marmota"},{"category":1,"name":"mofeta"},{"category":1,"name":"morsa"},{"category":1,"name":"muflon"},{"category":1,"name":"murcielago"},{"category":1,"name":"musara\u00f1a"},{"category":1,"name":"\u00f1u"},{"category":1,"name":"nutria"},{"category":1,"name":"orca"},{"category":1,"name":"ornitorrinco"},{"category":1,"name":"oso"},{"category":1,"name":"oveja"},{"category":1,"name":"panda"},{"category":1,"name":"perezoso"},{"category":1,"name":"puma"},{"category":1,"name":"rata"},{"category":1,"name":"raton"},{"category":1,"name":"rinoceronte"},{"category":1,"name":"suricata"},{"category":1,"name":"tapir"},{"category":1,"name":"tejon"},{"category":1,"name":"tigre"},{"category":1,"name":"topo"},{"category":1,"name":"vaca"},{"category":1,"name":"vison"},{"category":1,"name":"zorro"},{"category":1,"name":"camaleon"},{"category":1,"name":"iguana"},{"category":1,"name":"lagartija"},{"category":1,"name":"lagarto"},{"category":1,"name":"turon"},{"category":1,"name":"caiman"},{"category":1,"name":"cocodrilo"},{"category":1,"name":"tortuga"},{"category":1,"name":"anaconda"},{"category":1,"name":"boa"},{"category":1,"name":"culebra"},{"category":1,"name":"serpiente"},{"category":1,"name":"piton"},{"category":1,"name":"vibora"},{"category":1,"name":"rana"},{"category":1,"name":"sapo"},{"category":1,"name":"salamandra"},{"category":1,"name":"triton"},{"category":1,"name":"anguila"},{"category":1,"name":"atun"},{"category":1,"name":"barracuda"},{"category":1,"name":"carpa"},{"category":1,"name":"pira\u00f1a"},{"category":1,"name":"rodaballo"},{"category":1,"name":"sardina"},{"category":1,"name":"trucha"},{"category":1,"name":"aguila"},{"category":1,"name":"avestruz"},{"category":1,"name":"buitre"},{"category":1,"name":"buho"},{"category":1,"name":"cacatua"},{"category":1,"name":"canario"},{"category":1,"name":"cisne"},{"category":1,"name":"colibri"},{"category":1,"name":"condor"},{"category":1,"name":"cotorra"},{"category":1,"name":"cormoran"},{"category":1,"name":"cuco"},{"category":1,"name":"cuervo"},{"category":1,"name":"halcon"},{"category":1,"name":"jilguero"},{"category":1,"name":"lechuza"},{"category":1,"name":"mirlo"},{"category":1,"name":"ruise\u00f1or"},{"category":1,"name":"tortola"},{"category":1,"name":"tucan"},{"category":1,"name":"urogallo"},{"category":1,"name":"urraca"},{"category":1,"name":"zorzal"},{"category":1,"name":"estornino"},{"category":1,"name":"faisan"},{"category":1,"name":"flamenco"},{"category":1,"name":"gallina"},{"category":1,"name":"gallo"},{"category":1,"name":"ganso"},{"category":1,"name":"gaviota"},{"category":1,"name":"golondrina"},{"category":1,"name":"gorrion"},{"category":1,"name":"grulla"},{"category":1,"name":"guacamayo"},{"category":1,"name":"paloma"},{"category":1,"name":"pato"},{"category":1,"name":"pavo"},{"category":1,"name":"pelicano"},{"category":1,"name":"perdiz"},{"category":1,"name":"periquito"},{"category":1,"name":"petirrojo"},{"category":1,"name":"antilope"},{"category":1,"name":"castor"},{"category":1,"name":"corzo"},{"category":1,"name":"puercoespin"},{"category":1,"name":"cerdo"},{"category":1,"name":"cucaracha"},{"category":1,"name":"gusano"},{"category":1,"name":"escarabajo"},{"category":1,"name":"hormiga"},{"category":1,"name":"avispa"},{"category":1,"name":"mosca"},{"category":1,"name":"oruga"},{"category":1,"name":"polilla"},{"category":1,"name":"saltamontes"},{"category":1,"name":"mariposa"},{"category":1,"name":"tabano"},{"category":1,"name":"mariquita"},{"category":1,"name":"tarantula"},{"category":1,"name":"ara\u00f1a"},{"category":1,"name":"pulpo"},{"category":1,"name":"cangrejo"},{"category":1,"name":"camaron"},{"category":1,"name":"almeja"},{"category":1,"name":"caracol"},{"category":1,"name":"babosa"},{"category":1,"name":"reno"},{"category":1,"name":"pantera"},{"category":1,"name":"poni"},{"category":1,"name":"orangutan"},{"category":1,"name":"yegua"},{"category":1,"name":"mosquito"},{"category":1,"name":"llama"},{"category":1,"name":"alpaca"},{"category":1,"name":"lemur"},{"category":1,"name":"emu"},{"category":1,"name":"escorpion"},{"category":1,"name":"camello"},{"category":1,"name":"buey"},{"category":2,"name":"higuera"},{"category":2,"name":"abeto"},{"category":2,"name":"pinsapo"},{"category":2,"name":"arce"},{"category":2,"name":"asar"},{"category":2,"name":"casta\u00f1o"},{"category":2,"name":"almendro"},{"category":2,"name":"cedro"},{"category":2,"name":"naranjo"},{"category":2,"name":"limonero"},{"category":2,"name":"avellano"},{"category":2,"name":"cipres"},{"category":2,"name":"nispero"},{"category":2,"name":"eucalipto"},{"category":2,"name":"haya"},{"category":2,"name":"fresno"},{"category":2,"name":"acacia"},{"category":2,"name":"acebo"},{"category":2,"name":"nogal"},{"category":2,"name":"enebro"},{"category":2,"name":"laurel"},{"category":2,"name":"manzano"},{"category":2,"name":"morera"},{"category":2,"name":"olivo"},{"category":2,"name":"alamo"},{"category":2,"name":"cerezo"},{"category":2,"name":"guindo"},{"category":2,"name":"ciruelo"},{"category":2,"name":"granado"},{"category":2,"name":"melocotonero"},{"category":2,"name":"peral"},{"category":2,"name":"roble"},{"category":2,"name":"encina"},{"category":2,"name":"alcornoque"},{"category":2,"name":"sauce"},{"category":2,"name":"secuoya"},{"category":2,"name":"olmo"},{"category":2,"name":"tilo"},{"category":3,"name":"amapola"},{"category":3,"name":"azalea"},{"category":3,"name":"azucena"},{"category":3,"name":"rosa"},{"category":3,"name":"camelia"},{"category":3,"name":"begonia"},{"category":3,"name":"belladona"},{"category":3,"name":"clavel"},{"category":3,"name":"crisantemo"},{"category":3,"name":"dalia"},{"category":3,"name":"geranio"},{"category":3,"name":"girasol"},{"category":5,"name":"albania"},{"category":3,"name":"hortensia"},{"category":3,"name":"gladiolo"},{"category":3,"name":"iris"},{"category":3,"name":"jacinto"},{"category":3,"name":"lavanda"},{"category":3,"name":"lila"},{"category":3,"name":"madreselva"},{"category":3,"name":"magnolia"},{"category":3,"name":"margarita"},{"category":3,"name":"mimosa"},{"category":3,"name":"narciso"},{"category":3,"name":"orquidea"},{"category":3,"name":"petunia"},{"category":3,"name":"violeta"},{"category":5,"name":"argentina"},{"category":5,"name":"australia"},{"category":5,"name":"austria"},{"category":5,"name":"belgica"},{"category":5,"name":"bolivia"},{"category":5,"name":"brasil"},{"category":5,"name":"bosnia"},{"category":5,"name":"bulgaria"},{"category":5,"name":"camerun"},{"category":5,"name":"corea"},{"category":5,"name":"canada"},{"category":5,"name":"chile"},{"category":5,"name":"colombia"},{"category":5,"name":"congo"},{"category":5,"name":"cuba"},{"category":5,"name":"croacia"},{"category":5,"name":"chipre"},{"category":5,"name":"dinamarca"},{"category":5,"name":"ecuador"},{"category":5,"name":"egipto"},{"category":5,"name":"estonia"},{"category":5,"name":"holanda"},{"category":5,"name":"finlandia"},{"category":5,"name":"francia"},{"category":5,"name":"gambia"},{"category":5,"name":"alemania"},{"category":5,"name":"ghana"},{"category":5,"name":"grecia"},{"category":5,"name":"inglaterra"},{"category":5,"name":"reino unido"},{"category":5,"name":"guatemala"},{"category":5,"name":"haiti"},{"category":5,"name":"honduras"},{"category":5,"name":"hungria"},{"category":5,"name":"india"},{"category":5,"name":"china"},{"category":5,"name":"iran"},{"category":5,"name":"iraq"},{"category":5,"name":"irlanda"},{"category":5,"name":"israel"},{"category":5,"name":"jamaica"},{"category":5,"name":"japon"},{"category":5,"name":"kenia"},{"category":5,"name":"kuwait"},{"category":5,"name":"letonia"},{"category":5,"name":"libia"},{"category":5,"name":"lituania"},{"category":5,"name":"macedonia"},{"category":5,"name":"liechtenstein"},{"category":5,"name":"mali"},{"category":5,"name":"malta"},{"category":5,"name":"malasia"},{"category":5,"name":"mexico"},{"category":5,"name":"montenegro"},{"category":5,"name":"marruecos"},{"category":5,"name":"nepal"},{"category":5,"name":"nigeria"},{"category":5,"name":"noruega"},{"category":5,"name":"oman"},{"category":5,"name":"pakistan"},{"category":5,"name":"panama"},{"category":5,"name":"paraguay"},{"category":5,"name":"peru"},{"category":5,"name":"portugal"},{"category":5,"name":"andorra"},{"category":5,"name":"qatar"},{"category":5,"name":"filipinas"},{"category":5,"name":"rumania"},{"category":5,"name":"samoa"},{"category":5,"name":"senegal"},{"category":5,"name":"eslovenia"},{"category":5,"name":"suecia"},{"category":5,"name":"suiza"},{"category":5,"name":"sudafrica"},{"category":5,"name":"tailandia"},{"category":5,"name":"togo"},{"category":5,"name":"turquia"},{"category":5,"name":"ucrania"},{"category":5,"name":"uruguay"},{"category":5,"name":"vietnam"},{"category":5,"name":"yemen"},{"category":5,"name":"zambia"},{"category":5,"name":"zimbabue"},{"category":5,"name":"venezuela"},{"category":5,"name":"rusia"},{"category":5,"name":"argelia"},{"category":6,"name":"madrid"},{"category":6,"name":"barcelona"},{"category":6,"name":"valencia"},{"category":6,"name":"sevilla"},{"category":6,"name":"paris"},{"category":6,"name":"monaco"},{"category":6,"name":"atenas"},{"category":6,"name":"londres"},{"category":6,"name":"sidney"},{"category":6,"name":"chicago"},{"category":6,"name":"dallas"},{"category":5,"name":"botswana"},{"category":5,"name":"madagascar"},{"category":5,"name":"guinea"},{"category":5,"name":"bielorrusia"},{"category":6,"name":"tokio"},{"category":6,"name":"shanghai"},{"category":6,"name":"delhi"},{"category":6,"name":"bombay"},{"category":6,"name":"manila"},{"category":6,"name":"pekin"},{"category":6,"name":"osaka"},{"category":6,"name":"daca"},{"category":6,"name":"moscu"},{"category":6,"name":"calcuta"},{"category":6,"name":"bangkok"},{"category":6,"name":"estambul"},{"category":6,"name":"lagos"},{"category":6,"name":"teheran"},{"category":6,"name":"nagoya"},{"category":6,"name":"lima"},{"category":6,"name":"bogota"},{"category":6,"name":"madras"},{"category":6,"name":"taipei"},{"category":6,"name":"boston"},{"category":6,"name":"filadelfia"},{"category":6,"name":"wuhan"},{"category":6,"name":"toronto"},{"category":6,"name":"chongqing"},{"category":6,"name":"singapur"},{"category":6,"name":"bagdad"},{"category":6,"name":"santiago"},{"category":6,"name":"riad"},{"category":6,"name":"houston"},{"category":6,"name":"miami"},{"category":6,"name":"pune"},{"category":6,"name":"detroit"},{"category":6,"name":"luanda"},{"category":6,"name":"atlanta"},{"category":6,"name":"surat"},{"category":6,"name":"jartum"},{"category":6,"name":"milan"},{"category":6,"name":"guadalajara"},{"category":6,"name":"colombo"},{"category":6,"name":"abiyan"},{"category":6,"name":"alejandria"},{"category":6,"name":"turin"},{"category":6,"name":"ankara"},{"category":6,"name":"monterrey"},{"category":6,"name":"acra"},{"category":6,"name":"berlin"},{"category":6,"name":"hefei"},{"category":6,"name":"melbourne"},{"category":6,"name":"napoles"},{"category":6,"name":"phoenix"},{"category":6,"name":"dakar"},{"category":6,"name":"rabat"},{"category":6,"name":"lome"},{"category":6,"name":"maputo"},{"category":6,"name":"lusaka"},{"category":6,"name":"pretoria"},{"category":6,"name":"tripoli"},{"category":6,"name":"fez"},{"category":6,"name":"zaria"},{"category":6,"name":"oran"},{"category":6,"name":"tunez"},{"category":6,"name":"washington"},{"category":6,"name":"seattle"},{"category":6,"name":"denver"},{"category":6,"name":"minneapolis"},{"category":6,"name":"orlando"},{"category":6,"name":"vancouver"},{"category":6,"name":"sacramento"},{"category":6,"name":"portland"},{"category":6,"name":"tijuana"},{"category":6,"name":"toluca"},{"category":6,"name":"juarez"},{"category":6,"name":"torreon"},{"category":6,"name":"ottawa"},{"category":6,"name":"merida"},{"category":6,"name":"bilbao"},{"category":6,"name":"managua"},{"category":6,"name":"caracas"},{"category":6,"name":"recife"},{"category":6,"name":"fortaleza"},{"category":6,"name":"medellin"},{"category":6,"name":"maracaibo"},{"category":6,"name":"cali"},{"category":6,"name":"campinas"},{"category":6,"name":"brasilia"},{"category":6,"name":"asuncion"},{"category":6,"name":"barquisimeto"},{"category":6,"name":"quito"},{"category":6,"name":"barranquilla"},{"category":6,"name":"cordoba"},{"category":6,"name":"montevideo"},{"category":6,"name":"rosario"},{"category":6,"name":"natal"},{"category":6,"name":"maracay"},{"category":6,"name":"concepcion"},{"category":6,"name":"valparaiso"},{"category":6,"name":"guayana"},{"category":6,"name":"sana"},{"category":6,"name":"mosul"},{"category":6,"name":"dubai"},{"category":6,"name":"tabriz"},{"category":6,"name":"adana"},{"category":6,"name":"beirut"},{"category":6,"name":"almaty"},{"category":6,"name":"medina"},{"category":6,"name":"shiraz"},{"category":6,"name":"basora"},{"category":6,"name":"roma"},{"category":6,"name":"hamburgo"},{"category":6,"name":"manchester"},{"category":6,"name":"lisboa"},{"category":6,"name":"estocolmo"},{"category":6,"name":"munich"},{"category":6,"name":"viena"},{"category":6,"name":"amsterdam"},{"category":6,"name":"colonia"},{"category":6,"name":"bruselas"},{"category":6,"name":"roterdam"},{"category":6,"name":"lyon"},{"category":6,"name":"marsella"},{"category":6,"name":"glasgow"},{"category":6,"name":"oslo"},{"category":6,"name":"liverpool"},{"category":6,"name":"lille"},{"category":6,"name":"ginebra"},{"category":6,"name":"oporto"},{"category":6,"name":"zurich"},{"category":6,"name":"helsinki"},{"category":6,"name":"dublin"},{"category":6,"name":"nuremberg"},{"category":6,"name":"kiev"},{"category":6,"name":"bucarest"},{"category":6,"name":"baku"},{"category":6,"name":"minsk"},{"category":6,"name":"donetsk"},{"category":6,"name":"belgrado"},{"category":6,"name":"praga"},{"category":6,"name":"sofia"},{"category":6,"name":"erevan"},{"category":6,"name":"kazan"},{"category":6,"name":"ufa"},{"category":6,"name":"perm"},{"category":8,"name":"comer"},{"category":8,"name":"beber"},{"category":8,"name":"gritar"},{"category":8,"name":"lamer"},{"category":8,"name":"encontrar"},{"category":8,"name":"buscar"},{"category":8,"name":"liar"},{"category":8,"name":"vivir"},{"category":8,"name":"traer"},{"category":8,"name":"querer"},{"category":8,"name":"morir"},{"category":8,"name":"huir"},{"category":8,"name":"dar"},{"category":8,"name":"pulir"},{"category":8,"name":"hurgar"},{"category":8,"name":"besar"},{"category":8,"name":"oir"},{"category":8,"name":"oler"},{"category":8,"name":"rescatar"},{"category":8,"name":"paliar"},{"category":8,"name":"cavar"},{"category":8,"name":"girar"},{"category":8,"name":"rotar"},{"category":8,"name":"fundar"},{"category":8,"name":"establecer"},{"category":8,"name":"agrandar"},{"category":8,"name":"vigilar"},{"category":8,"name":"pensar"},{"category":8,"name":"otorgar"},{"category":8,"name":"reciclar"},{"category":8,"name":"llorar"},{"category":8,"name":"lamentar"},{"category":8,"name":"amar"},{"category":8,"name":"confiar"},{"category":8,"name":"quemar"},{"category":8,"name":"enviar"},{"category":8,"name":"colgar"},{"category":8,"name":"robar"},{"category":8,"name":"dibujar"},{"category":8,"name":"apostar"},{"category":8,"name":"jugar"},{"category":8,"name":"separar"},{"category":8,"name":"ir"},{"category":8,"name":"correr"},{"category":8,"name":"reducir"},{"category":8,"name":"insultar"},{"category":8,"name":"crear"},{"category":8,"name":"hacer"},{"category":8,"name":"improvisar"},{"category":8,"name":"matar"},{"category":8,"name":"asesinar"},{"category":9,"name":"terminator"},{"category":9,"name":"mad max"},{"category":9,"name":"pulp fiction"},{"category":9,"name":"el padrino"},{"category":9,"name":"el club de la lucha"},{"category":9,"name":"cadena perpetua"},{"category":9,"name":"la lista de schindler"},{"category":9,"name":"la naranja mecanica"},{"category":9,"name":"gladiator"},{"category":9,"name":"forrest gump"},{"category":9,"name":"seven"},{"category":9,"name":"matrix"},{"category":9,"name":"el caballero oscuro"},{"category":9,"name":"braveheart"},{"category":9,"name":"blade runner"},{"category":9,"name":"american beauty"},{"category":9,"name":"origen"},{"category":9,"name":"snatch"},{"category":9,"name":"el pianista"},{"category":9,"name":"million dollar baby"},{"category":9,"name":"gran torino"},{"category":9,"name":"el resplandor"},{"category":9,"name":"uno de los nuestros"},{"category":9,"name":"taxi driver"},{"category":9,"name":"malditos bastardos"},{"category":9,"name":"salvar al soldado ryan"},{"category":9,"name":"casablanca"},{"category":9,"name":"infiltrados"},{"category":9,"name":"el gran lebowski"},{"category":9,"name":"cuatro fantasticos"},{"category":9,"name":"el gran hotel budapest"},{"category":9,"name":"el lobo de wall street"},{"category":10,"name":"johnny depp"},{"category":10,"name":"winona ryder"},{"category":10,"name":"matt damon"},{"category":10,"name":"uma thurman"},{"category":10,"name":"robert redford"},{"category":10,"name":"paul newman"},{"category":10,"name":"marlon brando"},{"category":10,"name":"tom hanks"},{"category":10,"name":"jim carrey"},{"category":10,"name":"natalie portman"},{"category":10,"name":"sean penn"},{"category":10,"name":"christian bale"},{"category":11,"name":"john lennon"},{"category":11,"name":"aretha franklin"},{"category":11,"name":"ray charles"},{"category":11,"name":"elvis presley"},{"category":11,"name":"sam cooke"},{"category":11,"name":"marvin gaye"},{"category":11,"name":"otis redding"},{"category":11,"name":"bob dylan"},{"category":11,"name":"stevie wonder"},{"category":11,"name":"james brown"},{"category":11,"name":"paul maccartney"},{"category":11,"name":"mick jagger"},{"category":11,"name":"tina turner"},{"category":11,"name":"bob marley"},{"category":11,"name":"michael jackson"},{"category":11,"name":"elton john"},{"category":11,"name":"willie nelson"},{"category":11,"name":"enrique iglesias"},{"category":11,"name":"shakira"},{"category":11,"name":"jennifer lopez"},{"category":11,"name":"ricky martin"},{"category":11,"name":"laura pausini"},{"category":11,"name":"alejandro sanz"},{"category":11,"name":"lady gaga"},{"category":11,"name":"britney spears"},{"category":11,"name":"paulina rubio"},{"category":11,"name":"christina aguilera"},{"category":11,"name":"ariana grande"},{"category":11,"name":"madonna"},{"category":11,"name":"avril lavigne"},{"category":11,"name":"justin timberlake"},{"category":11,"name":"eros ramazzotti"},{"category":11,"name":"mariah carey"},{"category":11,"name":"amy winehouse"},{"category":11,"name":"kurt cobain"},{"category":11,"name":"miguel bose"},{"category":11,"name":"katy perry"},{"category":11,"name":"adele"},{"category":11,"name":"beyonce"},{"category":11,"name":"taylor swift"},{"category":11,"name":"nicki minaj"},{"category":11,"name":"serj tankian"},{"category":10,"name":"will smith"},{"category":10,"name":"adam sandler"},{"category":10,"name":"vin diesel"},{"category":10,"name":"jackie chan"},{"category":10,"name":"morgan freeman"},{"category":10,"name":"angelina jolie"},{"category":10,"name":"brad pitt"},{"category":10,"name":"robin williams"},{"category":10,"name":"nicholas cage"},{"category":10,"name":"bruce willis"},{"category":10,"name":"jennifer aniston"},{"category":10,"name":"sandra bullock"},{"category":10,"name":"tom cruise"},{"category":10,"name":"cameron diaz"},{"category":10,"name":"eddie murphy"},{"category":10,"name":"ben stiller"},{"category":10,"name":"silvestre stallone"},{"category":10,"name":"robert de niro"},{"category":10,"name":"arnold schwarzenegger"},{"category":10,"name":"julia roberts"},{"category":10,"name":"owen wilson"},{"category":10,"name":"scarlett johansson"},{"category":10,"name":"orlando bloom"},{"category":10,"name":"keanu reeves"},{"category":10,"name":"megan fox"},{"category":10,"name":"george clooney"},{"category":10,"name":"mel gibson"},{"category":10,"name":"drew barrymore"},{"category":10,"name":"meryl streep"},{"category":10,"name":"martin lawrence"},{"category":10,"name":"jack nicholson"},{"category":10,"name":"al pacino"},{"category":10,"name":"jessica alba"},{"category":10,"name":"richard gere"},{"category":10,"name":"salma hayek"},{"category":10,"name":"penelope cruz"},{"category":10,"name":"nicole kidman"},{"category":10,"name":"samuel l jackson"},{"category":10,"name":"catherine zeta jones"},{"category":10,"name":"harrison ford"},{"category":10,"name":"jack black"},{"category":10,"name":"clint eastwood"},{"category":10,"name":"kevin costner"},{"category":10,"name":"keira knightley"},{"category":10,"name":"steve martin"},{"category":10,"name":"steve carell"},{"category":10,"name":"elijah wood"},{"category":10,"name":"milla jovovich"},{"category":10,"name":"michelle rodriguez"},{"category":10,"name":"charlize theron"},{"category":10,"name":"demi moore"},{"category":10,"name":"halle berry"},{"category":10,"name":"eva mendes"},{"category":10,"name":"kirsten dunst"},{"category":10,"name":"leslie nielsen"},{"category":10,"name":"rachel mcadams"},{"category":10,"name":"ewan mcgregor"},{"category":10,"name":"lucy liu"},{"category":10,"name":"danny devito"},{"category":10,"name":"zooey deschanel"},{"category":10,"name":"will ferrell"},{"category":10,"name":"michelle pfeifer"},{"category":10,"name":"meg ryan"},{"category":10,"name":"amanda bynes"},{"category":10,"name":"sharon stone"},{"category":10,"name":"jane fonda"},{"category":10,"name":"jessica biel"},{"category":10,"name":"kim basinger"},{"category":10,"name":"monica bellucci"},{"category":10,"name":"sarah michelle gellar"},{"category":10,"name":"andie macdowell"},{"category":10,"name":"carmen electra"},{"category":10,"name":"alicia silverstone"},{"category":10,"name":"stella warren"},{"category":9,"name":"avatar"},{"category":9,"name":"kill bill"},{"category":9,"name":"shrek"},{"category":9,"name":"batman begins"},{"category":9,"name":"scary movie"},{"category":9,"name":"up"},{"category":9,"name":"el ultimo samurai"},{"category":9,"name":"amelie"},{"category":9,"name":"billy elliot"},{"category":4,"name":"jose"},{"category":4,"name":"adela"},{"category":4,"name":"adrian"},{"category":4,"name":"agata"},{"category":4,"name":"alan"},{"category":4,"name":"isabel"},{"category":4,"name":"natalia"},{"category":4,"name":"bruno"},{"category":4,"name":"carlos"},{"category":4,"name":"david"},{"category":4,"name":"daniel"},{"category":4,"name":"cesar"},{"category":4,"name":"eli"},{"category":4,"name":"german"},{"category":4,"name":"mario"},{"category":4,"name":"veronica"},{"category":4,"name":"nestor"},{"category":4,"name":"martin"},{"category":4,"name":"lucas"},{"category":4,"name":"homer"},{"category":4,"name":"lisa"},{"category":4,"name":"maria"},{"category":4,"name":"jesus"},{"category":4,"name":"jon"},{"category":4,"name":"rebeca"},{"category":4,"name":"cristian"},{"category":4,"name":"olivia"},{"category":4,"name":"noe"},{"category":4,"name":"logan"},{"category":4,"name":"alex"},{"category":4,"name":"alexander"},{"category":4,"name":"alexandra"},{"category":4,"name":"alicia"},{"category":4,"name":"andrea"},{"category":4,"name":"cloe"},{"category":4,"name":"damian"},{"category":4,"name":"lander"},{"category":4,"name":"ander"}]