[{"category":1,"name":"dog"},{"category":1,"name":"bee"},{"category":1,"name":"donkey"},{"category":1,"name":"moose"},{"category":7,"name":"bulbasaur"},{"category":7,"name":"ivysaur"},{"category":7,"name":"venusaur"},{"category":7,"name":"charmander"},{"category":7,"name":"charmeleon"},{"category":7,"name":"charizard"},{"category":7,"name":"squirtle"},{"category":7,"name":"wartortle"},{"category":7,"name":"blastoise"},{"category":7,"name":"caterpie"},{"category":7,"name":"metapod"},{"category":7,"name":"butterfree"},{"category":7,"name":"weedle"},{"category":7,"name":"kakuna"},{"category":7,"name":"beedrill"},{"category":7,"name":"pidgey"},{"category":7,"name":"pidgeotto"},{"category":7,"name":"pidgeot"},{"category":7,"name":"rattata"},{"category":1,"name":"goat"},{"category":1,"name":"gorilla"},{"category":5,"name":"spain"},{"category":5,"name":"italy"},{"category":7,"name":"raticate"},{"category":7,"name":"spearow"},{"category":7,"name":"fearow"},{"category":7,"name":"ekans"},{"category":7,"name":"arbok"},{"category":7,"name":"pikachu"},{"category":7,"name":"raichu"},{"category":7,"name":"sandshrew"},{"category":7,"name":"sandslash"},{"category":7,"name":"nidoran"},{"category":7,"name":"nidorina"},{"category":7,"name":"nidorino"},{"category":7,"name":"nidoqueen"},{"category":7,"name":"nidoking"},{"category":7,"name":"clefairy"},{"category":7,"name":"clefable"},{"category":7,"name":"vulpix"},{"category":7,"name":"ninetales"},{"category":7,"name":"jigglypuff"},{"category":7,"name":"wigglytuff"},{"category":7,"name":"zubat"},{"category":7,"name":"golbat"},{"category":4,"name":"michel"},{"category":6,"name":"los angeles"},{"category":8,"name":"be"},{"category":9,"name":"the lord of the rings"},{"category":10,"name":"leonardo dicaprio"},{"category":10,"name":"mila kunis"},{"category":11,"name":"rihanna"},{"category":3,"name":"tulip"},{"category":2,"name":"pine"},{"category":7,"name":"oddish"},{"category":7,"name":"gloom"},{"category":7,"name":"vileplume"},{"category":7,"name":"paras"},{"category":7,"name":"parasect"},{"category":7,"name":"venonat"},{"category":7,"name":"venomoth"},{"category":7,"name":"diglett"},{"category":7,"name":"dugtrio"},{"category":7,"name":"meowth"},{"category":7,"name":"persian"},{"category":7,"name":"psyduck"},{"category":7,"name":"golduck"},{"category":7,"name":"mankey"},{"category":7,"name":"primeape"},{"category":7,"name":"growlithe"},{"category":7,"name":"arcanine"},{"category":7,"name":"poliwag"},{"category":7,"name":"poliwhirl"},{"category":7,"name":"poliwrath"},{"category":7,"name":"abra"},{"category":7,"name":"kadabra"},{"category":7,"name":"alakazam"},{"category":7,"name":"machop"},{"category":7,"name":"machoke"},{"category":7,"name":"machamp"},{"category":7,"name":"bellsprout"},{"category":7,"name":"weepinbell"},{"category":7,"name":"victreebel"},{"category":7,"name":"tentacool"},{"category":7,"name":"tentacruel"},{"category":7,"name":"geodude"},{"category":7,"name":"graveler"},{"category":7,"name":"golem"},{"category":7,"name":"ponyta"},{"category":7,"name":"rapidash"},{"category":7,"name":"slowpoke"},{"category":7,"name":"slowbro"},{"category":7,"name":"magnemite"},{"category":7,"name":"magneton"},{"category":7,"name":"farfetchd"},{"category":7,"name":"doduo"},{"category":7,"name":"dodrio"},{"category":7,"name":"seel"},{"category":7,"name":"dewgong"},{"category":7,"name":"grimer"},{"category":7,"name":"muk"},{"category":7,"name":"shellder"},{"category":7,"name":"cloyster"},{"category":7,"name":"gastly"},{"category":7,"name":"haunter"},{"category":7,"name":"gengar"},{"category":7,"name":"onix"},{"category":7,"name":"drowzee"},{"category":7,"name":"hypno"},{"category":7,"name":"krabby"},{"category":7,"name":"kingler"},{"category":7,"name":"voltorb"},{"category":7,"name":"electrode"},{"category":7,"name":"exeggcute"},{"category":7,"name":"exeggutor"},{"category":7,"name":"cubone"},{"category":7,"name":"marowak"},{"category":7,"name":"hitmonlee"},{"category":7,"name":"hitmonchan"},{"category":7,"name":"lickitung"},{"category":7,"name":"koffing"},{"category":7,"name":"weezing"},{"category":7,"name":"rhyhorn"},{"category":7,"name":"rhydon"},{"category":7,"name":"chansey"},{"category":7,"name":"tangela"},{"category":7,"name":"kangaskhan"},{"category":7,"name":"horsea"},{"category":7,"name":"seadra"},{"category":7,"name":"goldeen"},{"category":7,"name":"seaking"},{"category":7,"name":"staryu"},{"category":7,"name":"starmie"},{"category":7,"name":"mr mime"},{"category":7,"name":"scyther"},{"category":7,"name":"jynx"},{"category":7,"name":"electabuzz"},{"category":7,"name":"magmar"},{"category":7,"name":"pinsir"},{"category":7,"name":"tauros"},{"category":7,"name":"magikarp"},{"category":7,"name":"gyarados"},{"category":7,"name":"lapras"},{"category":7,"name":"ditto"},{"category":7,"name":"eevee"},{"category":7,"name":"vaporeon"},{"category":7,"name":"jolteon"},{"category":7,"name":"flareon"},{"category":7,"name":"porygon"},{"category":7,"name":"omanyte"},{"category":7,"name":"omastar"},{"category":7,"name":"kabuto"},{"category":7,"name":"kabutops"},{"category":7,"name":"aerodactyl"},{"category":7,"name":"snorlax"},{"category":7,"name":"articuno"},{"category":7,"name":"zapdos"},{"category":7,"name":"moltres"},{"category":7,"name":"dratini"},{"category":7,"name":"dragonair"},{"category":7,"name":"dragonite"},{"category":7,"name":"mew"},{"category":7,"name":"chikorita"},{"category":7,"name":"bayleef"},{"category":7,"name":"meganium"},{"category":7,"name":"cyndaquil"},{"category":7,"name":"quilava"},{"category":7,"name":"typhlosion"},{"category":7,"name":"totodile"},{"category":7,"name":"croconaw"},{"category":7,"name":"feraligatr"},{"category":7,"name":"sentret"},{"category":7,"name":"furret"},{"category":7,"name":"hoothoot"},{"category":7,"name":"noctowl"},{"category":7,"name":"ledyba"},{"category":7,"name":"ledian"},{"category":7,"name":"spinarak"},{"category":7,"name":"ariados"},{"category":7,"name":"crobat"},{"category":7,"name":"chinchou"},{"category":7,"name":"lanturn"},{"category":7,"name":"pichu"},{"category":7,"name":"cleffa"},{"category":7,"name":"igglybuff"},{"category":7,"name":"togepi"},{"category":7,"name":"togetic"},{"category":7,"name":"natu"},{"category":7,"name":"xatu"},{"category":7,"name":"mareep"},{"category":7,"name":"flaaffy"},{"category":7,"name":"ampharos"},{"category":7,"name":"bellossom"},{"category":7,"name":"marill"},{"category":7,"name":"azumarill"},{"category":7,"name":"sudowoodo"},{"category":7,"name":"politoed"},{"category":7,"name":"hoppip"},{"category":7,"name":"skiploom"},{"category":7,"name":"jumpluff"},{"category":7,"name":"aipom"},{"category":7,"name":"sunkern"},{"category":7,"name":"sunflora"},{"category":7,"name":"yanma"},{"category":7,"name":"wooper"},{"category":7,"name":"quagsire"},{"category":7,"name":"espeon"},{"category":7,"name":"umbreon"},{"category":7,"name":"murkrow"},{"category":7,"name":"slowking"},{"category":7,"name":"misdreavus"},{"category":7,"name":"unown"},{"category":7,"name":"wobbuffet"},{"category":7,"name":"girafarig"},{"category":7,"name":"pineco"},{"category":7,"name":"forretress"},{"category":7,"name":"dunsparce"},{"category":7,"name":"gligar"},{"category":7,"name":"steelix"},{"category":7,"name":"snubbull"},{"category":7,"name":"granbull"},{"category":7,"name":"qwilfish"},{"category":7,"name":"scizor"},{"category":7,"name":"shuckle"},{"category":7,"name":"heracross"},{"category":7,"name":"sneasel"},{"category":7,"name":"teddiursa"},{"category":7,"name":"ursaring"},{"category":7,"name":"slugma"},{"category":7,"name":"magcargo"},{"category":7,"name":"swinub"},{"category":7,"name":"piloswine"},{"category":7,"name":"corsola"},{"category":7,"name":"remoraid"},{"category":7,"name":"octillery"},{"category":7,"name":"delibird"},{"category":7,"name":"mantine"},{"category":7,"name":"skarmory"},{"category":7,"name":"houndour"},{"category":7,"name":"houndoom"},{"category":7,"name":"kingdra"},{"category":7,"name":"phanpy"},{"category":7,"name":"donphan"},{"category":7,"name":"stantler"},{"category":7,"name":"smeargle"},{"category":7,"name":"tyrogue"},{"category":7,"name":"hitmontop"},{"category":7,"name":"smoochum"},{"category":7,"name":"elekid"},{"category":7,"name":"magby"},{"category":7,"name":"miltank"},{"category":7,"name":"blissey"},{"category":7,"name":"raikou"},{"category":7,"name":"entei"},{"category":7,"name":"suicune"},{"category":7,"name":"larvitar"},{"category":7,"name":"pupitar"},{"category":7,"name":"tyranitar"},{"category":7,"name":"lugia"},{"category":7,"name":"ho oh"},{"category":7,"name":"celebi"},{"category":7,"name":"treecko"},{"category":7,"name":"grovyle"},{"category":7,"name":"sceptile"},{"category":7,"name":"torchic"},{"category":7,"name":"combusken"},{"category":7,"name":"blaziken"},{"category":7,"name":"mudkip"},{"category":7,"name":"marshtomp"},{"category":7,"name":"swampert"},{"category":7,"name":"poochyena"},{"category":7,"name":"mightyena"},{"category":7,"name":"zigzagoon"},{"category":7,"name":"linoone"},{"category":7,"name":"wurmple"},{"category":7,"name":"silcoon"},{"category":7,"name":"beautifly"},{"category":7,"name":"cascoon"},{"category":7,"name":"dustox"},{"category":7,"name":"lotad"},{"category":7,"name":"lombre"},{"category":7,"name":"ludicolo"},{"category":7,"name":"seedot"},{"category":7,"name":"nuzleaf"},{"category":7,"name":"shiftry"},{"category":7,"name":"swellow"},{"category":7,"name":"wingull"},{"category":7,"name":"pelipper"},{"category":7,"name":"ralts"},{"category":7,"name":"kirlia"},{"category":7,"name":"gardevoir"},{"category":7,"name":"surskit"},{"category":7,"name":"masquerain"},{"category":7,"name":"shroomish"},{"category":7,"name":"breloom"},{"category":7,"name":"slakoth"},{"category":7,"name":"vigoroth"},{"category":7,"name":"slaking"},{"category":7,"name":"nincada"},{"category":7,"name":"ninjask"},{"category":7,"name":"shedinja"},{"category":7,"name":"whismur"},{"category":7,"name":"loudred"},{"category":7,"name":"exploud"},{"category":7,"name":"makuhita"},{"category":7,"name":"hariyama"},{"category":7,"name":"azurill"},{"category":7,"name":"nosepass"},{"category":7,"name":"skitty"},{"category":7,"name":"delcatty"},{"category":7,"name":"sableye"},{"category":7,"name":"mawile"},{"category":7,"name":"aron"},{"category":7,"name":"lairon"},{"category":7,"name":"aggron"},{"category":7,"name":"meditite"},{"category":7,"name":"medicham"},{"category":7,"name":"electrike"},{"category":7,"name":"manectric"},{"category":7,"name":"plusle"},{"category":7,"name":"minun"},{"category":7,"name":"volbeat"},{"category":7,"name":"illumise"},{"category":7,"name":"roselia"},{"category":7,"name":"gulpin"},{"category":7,"name":"swalot"},{"category":7,"name":"carvanha"},{"category":7,"name":"sharpedo"},{"category":7,"name":"wailmer"},{"category":7,"name":"wailord"},{"category":7,"name":"numel"},{"category":7,"name":"camerupt"},{"category":7,"name":"torkoal"},{"category":7,"name":"spoink"},{"category":7,"name":"grumpig"},{"category":7,"name":"spinda"},{"category":7,"name":"trapinch"},{"category":7,"name":"vibrava"},{"category":7,"name":"flygon"},{"category":7,"name":"cacnea"},{"category":7,"name":"cacturne"},{"category":7,"name":"swablu"},{"category":7,"name":"altaria"},{"category":7,"name":"zangoose"},{"category":7,"name":"seviper"},{"category":7,"name":"lunatone"},{"category":7,"name":"solrock"},{"category":7,"name":"barboach"},{"category":7,"name":"whiscash"},{"category":7,"name":"corphish"},{"category":7,"name":"crawdaunt"},{"category":7,"name":"baltoy"},{"category":7,"name":"claydol"},{"category":7,"name":"lileep"},{"category":7,"name":"cradily"},{"category":7,"name":"anorith"},{"category":7,"name":"armaldo"},{"category":7,"name":"feebas"},{"category":7,"name":"milotic"},{"category":7,"name":"castform"},{"category":7,"name":"kecleon"},{"category":7,"name":"shuppet"},{"category":7,"name":"banette"},{"category":7,"name":"duskull"},{"category":7,"name":"dusclops"},{"category":7,"name":"tropius"},{"category":7,"name":"chimecho"},{"category":7,"name":"absol"},{"category":7,"name":"wynaut"},{"category":7,"name":"snorunt"},{"category":7,"name":"glalie"},{"category":7,"name":"spheal"},{"category":7,"name":"sealeo"},{"category":7,"name":"walrein"},{"category":7,"name":"clamperl"},{"category":7,"name":"huntail"},{"category":7,"name":"gorebyss"},{"category":7,"name":"relicanth"},{"category":7,"name":"luvdisc"},{"category":7,"name":"bagon"},{"category":7,"name":"shelgon"},{"category":7,"name":"salamence"},{"category":7,"name":"beldum"},{"category":7,"name":"metang"},{"category":7,"name":"metagross"},{"category":7,"name":"regirock"},{"category":7,"name":"regice"},{"category":7,"name":"registeel"},{"category":7,"name":"latias"},{"category":7,"name":"latios"},{"category":7,"name":"kyogre"},{"category":7,"name":"groudon"},{"category":7,"name":"rayquaza"},{"category":7,"name":"jirachi"},{"category":7,"name":"deoxys"},{"category":1,"name":"squirrel"},{"category":1,"name":"armadillo"},{"category":1,"name":"whale"},{"category":1,"name":"bison"},{"category":1,"name":"buffalo"},{"category":1,"name":"horse"},{"category":1,"name":"sperm whale"},{"category":1,"name":"kangaroo"},{"category":1,"name":"capybara"},{"category":1,"name":"zebra"},{"category":1,"name":"jackal"},{"category":1,"name":"chimpanzee"},{"category":1,"name":"chinchilla"},{"category":1,"name":"deer"},{"category":1,"name":"guinea pig"},{"category":1,"name":"coypu"},{"category":1,"name":"weasel"},{"category":1,"name":"rabbit"},{"category":1,"name":"coyote"},{"category":1,"name":"dolphin"},{"category":1,"name":"dingo"},{"category":1,"name":"dromedary"},{"category":1,"name":"elephant"},{"category":1,"name":"hedgehog"},{"category":1,"name":"seal"},{"category":1,"name":"gazelle"},{"category":1,"name":"genet"},{"category":1,"name":"leopard"},{"category":1,"name":"cheetah"},{"category":1,"name":"hamster"},{"category":1,"name":"hyena"},{"category":1,"name":"hippo"},{"category":1,"name":"ferret"},{"category":1,"name":"impala"},{"category":1,"name":"wild boar"},{"category":1,"name":"jaguar"},{"category":1,"name":"gerbil"},{"category":1,"name":"giraffe"},{"category":1,"name":"koala"},{"category":1,"name":"lion"},{"category":1,"name":"hare"},{"category":1,"name":"lynx"},{"category":1,"name":"dormouse"},{"category":1,"name":"wolf"},{"category":1,"name":"baboon"},{"category":1,"name":"raccoon"},{"category":1,"name":"marmot"},{"category":1,"name":"skunk"},{"category":1,"name":"walrus"},{"category":1,"name":"mouflon"},{"category":1,"name":"bat"},{"category":1,"name":"shrew"},{"category":1,"name":"wildebeest"},{"category":1,"name":"otter"},{"category":1,"name":"killer whale"},{"category":1,"name":"platypus"},{"category":1,"name":"bear"},{"category":1,"name":"sheep"},{"category":1,"name":"panda"},{"category":1,"name":"sloth"},{"category":1,"name":"cougar"},{"category":1,"name":"rat"},{"category":1,"name":"mouse"},{"category":1,"name":"rhino"},{"category":1,"name":"meerkat"},{"category":1,"name":"tapir"},{"category":1,"name":"badger"},{"category":1,"name":"tiger"},{"category":1,"name":"mole"},{"category":1,"name":"cow"},{"category":1,"name":"mink"},{"category":1,"name":"fox"},{"category":1,"name":"chameleon"},{"category":1,"name":"iguana"},{"category":1,"name":"lizard"},{"category":1,"name":"alligator"},{"category":1,"name":"polecat"},{"category":1,"name":"caiman"},{"category":1,"name":"crocodile"},{"category":1,"name":"tortoise"},{"category":1,"name":"anaconda"},{"category":1,"name":"boa"},{"category":1,"name":"snake"},{"category":1,"name":"serpent"},{"category":1,"name":"python"},{"category":1,"name":"viper"},{"category":1,"name":"frog"},{"category":1,"name":"toad"},{"category":1,"name":"salamander"},{"category":1,"name":"newt"},{"category":1,"name":"eel"},{"category":1,"name":"tuna"},{"category":1,"name":"barracuda"},{"category":1,"name":"carp"},{"category":1,"name":"piranha"},{"category":1,"name":"turbot"},{"category":1,"name":"sardine"},{"category":1,"name":"trout"},{"category":1,"name":"eagle"},{"category":1,"name":"ostrich"},{"category":1,"name":"vulture"},{"category":1,"name":"owl"},{"category":1,"name":"cockatoo"},{"category":1,"name":"canary"},{"category":1,"name":"swan"},{"category":1,"name":"hummingbird"},{"category":1,"name":"condor"},{"category":1,"name":"parrot"},{"category":1,"name":"cormorant"},{"category":1,"name":"cuckoo"},{"category":1,"name":"crow"},{"category":1,"name":"falcon"},{"category":1,"name":"goldfinch"},{"category":1,"name":"barn owl"},{"category":1,"name":"blackbird"},{"category":1,"name":"nightingale"},{"category":1,"name":"turtle dove"},{"category":1,"name":"toucan"},{"category":1,"name":"capercaillie"},{"category":1,"name":"magpie"},{"category":1,"name":"fieldfare"},{"category":1,"name":"starling"},{"category":1,"name":"pheasant"},{"category":1,"name":"flamingo"},{"category":1,"name":"chicken"},{"category":1,"name":"rooster"},{"category":1,"name":"goose"},{"category":1,"name":"seagull"},{"category":1,"name":"swallow"},{"category":1,"name":"sparrow"},{"category":1,"name":"crane"},{"category":1,"name":"macaw"},{"category":1,"name":"dove"},{"category":1,"name":"duck"},{"category":1,"name":"peafowl"},{"category":1,"name":"pelican"},{"category":1,"name":"partridge"},{"category":1,"name":"parakeet"},{"category":1,"name":"robin"},{"category":1,"name":"antelope"},{"category":1,"name":"beaver"},{"category":1,"name":"roe deer"},{"category":1,"name":"porcupine"},{"category":1,"name":"pig"},{"category":1,"name":"cockroach"},{"category":1,"name":"worm"},{"category":1,"name":"beetle"},{"category":1,"name":"ant"},{"category":1,"name":"wasp"},{"category":1,"name":"fly"},{"category":1,"name":"caterpillar"},{"category":1,"name":"moth"},{"category":1,"name":"grasshopper"},{"category":1,"name":"butterfly"},{"category":1,"name":"horsefly"},{"category":1,"name":"ladybird"},{"category":1,"name":"tarantula"},{"category":1,"name":"spider"},{"category":1,"name":"octopus"},{"category":1,"name":"crab"},{"category":1,"name":"shrimp"},{"category":1,"name":"clam"},{"category":1,"name":"snail"},{"category":1,"name":"slug"},{"category":1,"name":"reindeer"},{"category":1,"name":"panther"},{"category":1,"name":"pony"},{"category":1,"name":"orangutan"},{"category":1,"name":"mare"},{"category":1,"name":"mosquito"},{"category":1,"name":"llama"},{"category":1,"name":"alpaca"},{"category":1,"name":"lemur"},{"category":1,"name":"emu"},{"category":1,"name":"scorpion"},{"category":1,"name":"camel"},{"category":1,"name":"ox"},{"category":2,"name":"fig tree"},{"category":2,"name":"fir"},{"category":2,"name":"spanish fir"},{"category":2,"name":"maple"},{"category":2,"name":"italian maple"},{"category":2,"name":"chestnut"},{"category":2,"name":"almond"},{"category":2,"name":"cedar"},{"category":2,"name":"orange tree"},{"category":2,"name":"lemon"},{"category":2,"name":"hazel"},{"category":2,"name":"cypress"},{"category":2,"name":"medlar"},{"category":2,"name":"eucalyptus"},{"category":2,"name":"beech"},{"category":2,"name":"ash"},{"category":2,"name":"acacia"},{"category":2,"name":"holly"},{"category":2,"name":"walnut"},{"category":2,"name":"juniper"},{"category":2,"name":"laurel"},{"category":2,"name":"apple tree"},{"category":2,"name":"mulberry"},{"category":2,"name":"olive tree"},{"category":2,"name":"poplar"},{"category":2,"name":"cherry tree"},{"category":2,"name":"wild cherry"},{"category":2,"name":"plum tree"},{"category":2,"name":"pomegranate"},{"category":2,"name":"peach tree"},{"category":2,"name":"pear tree"},{"category":2,"name":"oak"},{"category":2,"name":"holm oak"},{"category":2,"name":"cork oak"},{"category":2,"name":"willow"},{"category":2,"name":"sequoia"},{"category":2,"name":"elm"},{"category":2,"name":"linden"},{"category":3,"name":"poppy"},{"category":3,"name":"azalea"},{"category":3,"name":"lily"},{"category":3,"name":"rose"},{"category":3,"name":"camellia"},{"category":3,"name":"begonia"},{"category":3,"name":"belladonna"},{"category":3,"name":"carnation"},{"category":3,"name":"chrysanthemum"},{"category":3,"name":"dahlia"},{"category":3,"name":"geranium"},{"category":3,"name":"sunflower"},{"category":5,"name":"albania"},{"category":3,"name":"hydrangea"},{"category":3,"name":"gladiolus"},{"category":3,"name":"iris"},{"category":3,"name":"hyacinth"},{"category":3,"name":"lavender"},{"category":3,"name":"lilac"},{"category":3,"name":"honeysuckle"},{"category":3,"name":"magnolia"},{"category":3,"name":"daisy"},{"category":3,"name":"mimosa"},{"category":3,"name":"narcissus"},{"category":3,"name":"orchid"},{"category":3,"name":"petunia"},{"category":3,"name":"violet"},{"category":5,"name":"argentina"},{"category":5,"name":"australia"},{"category":5,"name":"austria"},{"category":5,"name":"belgium"},{"category":5,"name":"bolivia"},{"category":5,"name":"brazil"},{"category":5,"name":"bosnia"},{"category":5,"name":"bulgaria"},{"category":5,"name":"cameroon"},{"category":5,"name":"korea"},{"category":5,"name":"canada"},{"category":5,"name":"chile"},{"category":5,"name":"colombia"},{"category":5,"name":"congo"},{"category":5,"name":"cuba"},{"category":5,"name":"croatia"},{"category":5,"name":"cyprus"},{"category":5,"name":"denmark"},{"category":5,"name":"ecuador"},{"category":5,"name":"egypt"},{"category":5,"name":"estonia"},{"category":5,"name":"netherlands"},{"category":5,"name":"finland"},{"category":5,"name":"france"},{"category":5,"name":"gambia"},{"category":5,"name":"germany"},{"category":5,"name":"ghana"},{"category":5,"name":"greece"},{"category":5,"name":"england"},{"category":5,"name":"united kingdom"},{"category":5,"name":"guatemala"},{"category":5,"name":"haiti"},{"category":5,"name":"honduras"},{"category":5,"name":"hungary"},{"category":5,"name":"india"},{"category":5,"name":"china"},{"category":5,"name":"iran"},{"category":5,"name":"iraq"},{"category":5,"name":"ireland"},{"category":5,"name":"israel"},{"category":5,"name":"jamaica"},{"category":5,"name":"japan"},{"category":5,"name":"kenya"},{"category":5,"name":"kuwait"},{"category":5,"name":"latvia"},{"category":5,"name":"libya"},{"category":5,"name":"lithuania"},{"category":5,"name":"macedonia"},{"category":5,"name":"liechtenstein"},{"category":5,"name":"mali"},{"category":5,"name":"malta"},{"category":5,"name":"malaysia"},{"category":5,"name":"mexico"},{"category":5,"name":"montenegro"},{"category":5,"name":"morocco"},{"category":5,"name":"nepal"},{"category":5,"name":"nigeria"},{"category":5,"name":"norway"},{"category":5,"name":"oman"},{"category":5,"name":"pakistan"},{"category":5,"name":"panama"},{"category":5,"name":"paraguay"},{"category":5,"name":"peru"},{"category":5,"name":"portugal"},{"category":5,"name":"andorra"},{"category":5,"name":"qatar"},{"category":5,"name":"philippines"},{"category":5,"name":"romania"},{"category":5,"name":"samoa"},{"category":5,"name":"senegal"},{"category":5,"name":"slovenia"},{"category":5,"name":"sweden"},{"category":5,"name":"switzerland"},{"category":5,"name":"south africa"},{"category":5,"name":"thailand"},{"category":5,"name":"togo"},{"category":5,"name":"turkey"},{"category":5,"name":"ukraine"},{"category":5,"name":"uruguay"},{"category":5,"name":"vietnam"},{"category":5,"name":"yemen"},{"category":5,"name":"zambia"},{"category":5,"name":"zimbabwe"},{"category":5,"name":"venezuela"},{"category":5,"name":"russia"},{"category":5,"name":"algeria"},{"category":6,"name":"madrid"},{"category":6,"name":"barcelona"},{"category":6,"name":"valencia"},{"category":6,"name":"sevilla"},{"category":6,"name":"paris"},{"category":6,"name":"monaco"},{"category":6,"name":"athens"},{"category":6,"name":"london"},{"category":6,"name":"sidney"},{"category":6,"name":"chicago"},{"category":6,"name":"dallas"},{"category":5,"name":"botswana"},{"category":5,"name":"madagascar"},{"category":5,"name":"guinea"},{"category":5,"name":"belarus"},{"category":6,"name":"tokyo"},{"category":6,"name":"shanghai"},{"category":6,"name":"delhi"},{"category":6,"name":"bombay"},{"category":6,"name":"manila"},{"category":6,"name":"beijing"},{"category":6,"name":"osaka"},{"category":6,"name":"daca"},{"category":6,"name":"moscow"},{"category":6,"name":"calcutta"},{"category":6,"name":"bangkok"},{"category":6,"name":"istanbul"},{"category":6,"name":"lagos"},{"category":6,"name":"tehran"},{"category":6,"name":"nagoya"},{"category":6,"name":"lima"},{"category":6,"name":"bogota"},{"category":6,"name":"chennai"},{"category":6,"name":"taipei"},{"category":6,"name":"boston"},{"category":6,"name":"philadelphia"},{"category":6,"name":"wuhan"},{"category":6,"name":"toronto"},{"category":6,"name":"chongqing"},{"category":6,"name":"singapore"},{"category":6,"name":"baghdad"},{"category":6,"name":"santiago"},{"category":6,"name":"riyadh"},{"category":6,"name":"houston"},{"category":6,"name":"miami"},{"category":6,"name":"pune"},{"category":6,"name":"detroit"},{"category":6,"name":"luanda"},{"category":6,"name":"atlanta"},{"category":6,"name":"surat"},{"category":6,"name":"khartoum"},{"category":6,"name":"milan"},{"category":6,"name":"guadalajara"},{"category":6,"name":"colombo"},{"category":6,"name":"abidjan"},{"category":6,"name":"alexandria"},{"category":6,"name":"turin"},{"category":6,"name":"ankara"},{"category":6,"name":"monterrey"},{"category":6,"name":"accra"},{"category":6,"name":"berlin"},{"category":6,"name":"hefei"},{"category":6,"name":"melbourne"},{"category":6,"name":"naples"},{"category":6,"name":"phoenix"},{"category":6,"name":"dakar"},{"category":6,"name":"rabat"},{"category":6,"name":"lome"},{"category":6,"name":"maputo"},{"category":6,"name":"lusaka"},{"category":6,"name":"pretoria"},{"category":6,"name":"tripoli"},{"category":6,"name":"fez"},{"category":6,"name":"zaria"},{"category":6,"name":"oran"},{"category":6,"name":"tunisia"},{"category":6,"name":"washington"},{"category":6,"name":"seattle"},{"category":6,"name":"denver"},{"category":6,"name":"minneapolis"},{"category":6,"name":"orlando"},{"category":6,"name":"vancouver"},{"category":6,"name":"sacramento"},{"category":6,"name":"portland"},{"category":6,"name":"tijuana"},{"category":6,"name":"toluca"},{"category":6,"name":"juarez"},{"category":6,"name":"torreon"},{"category":6,"name":"ottawa"},{"category":6,"name":"merida"},{"category":6,"name":"bilbao"},{"category":6,"name":"managua"},{"category":6,"name":"caracas"},{"category":6,"name":"recife"},{"category":6,"name":"fortaleza"},{"category":6,"name":"medellin"},{"category":6,"name":"maracaibo"},{"category":6,"name":"cali"},{"category":6,"name":"campinas"},{"category":6,"name":"brasilia"},{"category":6,"name":"asuncion"},{"category":6,"name":"barquisimeto"},{"category":6,"name":"quito"},{"category":6,"name":"barranquilla"},{"category":6,"name":"cordoba"},{"category":6,"name":"montevideo"},{"category":6,"name":"rosario"},{"category":6,"name":"natal"},{"category":6,"name":"maracay"},{"category":6,"name":"concepcion"},{"category":6,"name":"valparaiso"},{"category":6,"name":"guyana"},{"category":6,"name":"sana"},{"category":6,"name":"mosul"},{"category":6,"name":"dubai"},{"category":6,"name":"tabriz"},{"category":6,"name":"adana"},{"category":6,"name":"beirut"},{"category":6,"name":"almaty"},{"category":6,"name":"medina"},{"category":6,"name":"shiraz"},{"category":6,"name":"basra"},{"category":6,"name":"rome"},{"category":6,"name":"hamburg"},{"category":6,"name":"manchester"},{"category":6,"name":"lisbon"},{"category":6,"name":"stockholm"},{"category":6,"name":"munich"},{"category":6,"name":"vienna"},{"category":6,"name":"amsterdam"},{"category":6,"name":"cologne"},{"category":6,"name":"brussels"},{"category":6,"name":"rotterdam"},{"category":6,"name":"lyon"},{"category":6,"name":"marseilles"},{"category":6,"name":"glasgow"},{"category":6,"name":"oslo"},{"category":6,"name":"liverpool"},{"category":6,"name":"lille"},{"category":6,"name":"geneva"},{"category":6,"name":"porto"},{"category":6,"name":"zurich"},{"category":6,"name":"helsinki"},{"category":6,"name":"dublin"},{"category":6,"name":"nuremberg"},{"category":6,"name":"kiev"},{"category":6,"name":"bucharest"},{"category":6,"name":"baku"},{"category":6,"name":"minsk"},{"category":6,"name":"donetsk"},{"category":6,"name":"belgrade"},{"category":6,"name":"prague"},{"category":6,"name":"sofia"},{"category":6,"name":"yerevan"},{"category":6,"name":"kazan"},{"category":6,"name":"ufa"},{"category":6,"name":"perm"},{"category":8,"name":"eat"},{"category":8,"name":"drink"},{"category":8,"name":"scream"},{"category":8,"name":"lick"},{"category":8,"name":"find"},{"category":8,"name":"search"},{"category":8,"name":"roll"},{"category":8,"name":"live"},{"category":8,"name":"bring"},{"category":8,"name":"want"},{"category":8,"name":"die"},{"category":8,"name":"escape"},{"category":8,"name":"give"},{"category":8,"name":"polish"},{"category":8,"name":"rummage"},{"category":8,"name":"kiss"},{"category":8,"name":"hear"},{"category":8,"name":"smell"},{"category":8,"name":"rescue"},{"category":8,"name":"palliate"},{"category":8,"name":"dig"},{"category":8,"name":"turn"},{"category":8,"name":"rotate"},{"category":8,"name":"found"},{"category":8,"name":"establish"},{"category":8,"name":"enlarge"},{"category":8,"name":"watch"},{"category":8,"name":"think"},{"category":8,"name":"grant"},{"category":8,"name":"recycle"},{"category":8,"name":"cry"},{"category":8,"name":"mourn"},{"category":8,"name":"love"},{"category":8,"name":"trust"},{"category":8,"name":"burn"},{"category":8,"name":"send"},{"category":8,"name":"hang"},{"category":8,"name":"steal"},{"category":8,"name":"draw"},{"category":8,"name":"bet"},{"category":8,"name":"play"},{"category":8,"name":"separate"},{"category":8,"name":"go"},{"category":8,"name":"run"},{"category":8,"name":"reduce"},{"category":8,"name":"insult"},{"category":8,"name":"create"},{"category":8,"name":"make"},{"category":8,"name":"improvise"},{"category":8,"name":"kill"},{"category":8,"name":"murder"},{"category":9,"name":"terminator"},{"category":9,"name":"mad max"},{"category":9,"name":"pulp fiction"},{"category":9,"name":"the godfather"},{"category":9,"name":"fight club"},{"category":9,"name":"the shawshank redemption"},{"category":9,"name":"schindlers list"},{"category":9,"name":"a clockwork orange"},{"category":9,"name":"gladiator"},{"category":9,"name":"forrest gump"},{"category":9,"name":"seven"},{"category":9,"name":"matrix"},{"category":9,"name":"the dark knight"},{"category":9,"name":"braveheart"},{"category":9,"name":"blade runner"},{"category":9,"name":"american beauty"},{"category":9,"name":"inception"},{"category":9,"name":"snatch"},{"category":9,"name":"the pianist"},{"category":9,"name":"million dollar baby"},{"category":9,"name":"gran torino"},{"category":9,"name":"the shining"},{"category":9,"name":"goodfellas"},{"category":9,"name":"taxi driver"},{"category":9,"name":"inglourious basterds"},{"category":9,"name":"saving private ryan"},{"category":9,"name":"casablanca"},{"category":9,"name":"the departed"},{"category":9,"name":"the big lebowski"},{"category":9,"name":"fantastic four"},{"category":9,"name":"the grand budapest hotel"},{"category":9,"name":"the wolf of wall street"},{"category":10,"name":"johnny depp"},{"category":10,"name":"winona ryder"},{"category":10,"name":"matt damon"},{"category":10,"name":"uma thurman"},{"category":10,"name":"robert redford"},{"category":10,"name":"paul newman"},{"category":10,"name":"marlon brando"},{"category":10,"name":"tom hanks"},{"category":10,"name":"jim carrey"},{"category":10,"name":"natalie portman"},{"category":10,"name":"sean penn"},{"category":10,"name":"christian bale"},{"category":11,"name":"john lennon"},{"category":11,"name":"aretha franklin"},{"category":11,"name":"ray charles"},{"category":11,"name":"elvis presley"},{"category":11,"name":"sam cooke"},{"category":11,"name":"marvin gaye"},{"category":11,"name":"otis redding"},{"category":11,"name":"bob dylan"},{"category":11,"name":"stevie wonder"},{"category":11,"name":"james brown"},{"category":11,"name":"paul maccartney"},{"category":11,"name":"mick jagger"},{"category":11,"name":"tina turner"},{"category":11,"name":"bob marley"},{"category":11,"name":"michael jackson"},{"category":11,"name":"elton john"},{"category":11,"name":"willie nelson"},{"category":11,"name":"enrique iglesias"},{"category":11,"name":"shakira"},{"category":11,"name":"jennifer lopez"},{"category":11,"name":"ricky martin"},{"category":11,"name":"laura pausini"},{"category":11,"name":"alejandro sanz"},{"category":11,"name":"lady gaga"},{"category":11,"name":"britney spears"},{"category":11,"name":"paulina rubio"},{"category":11,"name":"christina aguilera"},{"category":11,"name":"ariana grande"},{"category":11,"name":"madonna"},{"category":11,"name":"avril lavigne"},{"category":11,"name":"justin timberlake"},{"category":11,"name":"eros ramazzotti"},{"category":11,"name":"mariah carey"},{"category":11,"name":"amy winehouse"},{"category":11,"name":"kurt cobain"},{"category":11,"name":"miguel bose"},{"category":11,"name":"katy perry"},{"category":11,"name":"adele"},{"category":11,"name":"beyonce"},{"category":11,"name":"taylor swift"},{"category":11,"name":"nicki minaj"},{"category":11,"name":"serj tankian"},{"category":10,"name":"will smith"},{"category":10,"name":"adam sandler"},{"category":10,"name":"vin diesel"},{"category":10,"name":"jackie chan"},{"category":10,"name":"morgan freeman"},{"category":10,"name":"angelina jolie"},{"category":10,"name":"brad pitt"},{"category":10,"name":"robin williams"},{"category":10,"name":"nicholas cage"},{"category":10,"name":"bruce willis"},{"category":10,"name":"jennifer aniston"},{"category":10,"name":"sandra bullock"},{"category":10,"name":"tom cruise"},{"category":10,"name":"cameron diaz"},{"category":10,"name":"eddie murphy"},{"category":10,"name":"ben stiller"},{"category":10,"name":"silvestre stallone"},{"category":10,"name":"robert de niro"},{"category":10,"name":"arnold schwarzenegger"},{"category":10,"name":"julia roberts"},{"category":10,"name":"owen wilson"},{"category":10,"name":"scarlett johansson"},{"category":10,"name":"orlando bloom"},{"category":10,"name":"keanu reeves"},{"category":10,"name":"megan fox"},{"category":10,"name":"george clooney"},{"category":10,"name":"mel gibson"},{"category":10,"name":"drew barrymore"},{"category":10,"name":"meryl streep"},{"category":10,"name":"martin lawrence"},{"category":10,"name":"jack nicholson"},{"category":10,"name":"al pacino"},{"category":10,"name":"jessica alba"},{"category":10,"name":"richard gere"},{"category":10,"name":"salma hayek"},{"category":10,"name":"penelope cruz"},{"category":10,"name":"nicole kidman"},{"category":10,"name":"samuel l jackson"},{"category":10,"name":"catherine zeta jones"},{"category":10,"name":"harrison ford"},{"category":10,"name":"jack black"},{"category":10,"name":"clint eastwood"},{"category":10,"name":"kevin costner"},{"category":10,"name":"keira knightley"},{"category":10,"name":"steve martin"},{"category":10,"name":"steve carell"},{"category":10,"name":"elijah wood"},{"category":10,"name":"milla jovovich"},{"category":10,"name":"michelle rodriguez"},{"category":10,"name":"charlize theron"},{"category":10,"name":"demi moore"},{"category":10,"name":"halle berry"},{"category":10,"name":"eva mendes"},{"category":10,"name":"kirsten dunst"},{"category":10,"name":"leslie nielsen"},{"category":10,"name":"rachel mcadams"},{"category":10,"name":"ewan mcgregor"},{"category":10,"name":"lucy liu"},{"category":10,"name":"danny devito"},{"category":10,"name":"zooey deschanel"},{"category":10,"name":"will ferrell"},{"category":10,"name":"michelle pfeifer"},{"category":10,"name":"meg ryan"},{"category":10,"name":"amanda bynes"},{"category":10,"name":"sharon stone"},{"category":10,"name":"jane fonda"},{"category":10,"name":"jessica biel"},{"category":10,"name":"kim basinger"},{"category":10,"name":"monica bellucci"},{"category":10,"name":"sarah michelle gellar"},{"category":10,"name":"andie macdowell"},{"category":10,"name":"carmen electra"},{"category":10,"name":"alicia silverstone"},{"category":10,"name":"stella warren"},{"category":9,"name":"avatar"},{"category":9,"name":"kill bill"},{"category":9,"name":"shrek"},{"category":9,"name":"batman begins"},{"category":9,"name":"scary movie"},{"category":9,"name":"up"},{"category":9,"name":"the last samurai"},{"category":9,"name":"amelie"},{"category":9,"name":"billy elliot"},{"category":4,"name":"jose"},{"category":4,"name":"adela"},{"category":4,"name":"adrian"},{"category":4,"name":"agatha"},{"category":4,"name":"allan"},{"category":4,"name":"isabella"},{"category":4,"name":"natalia"},{"category":4,"name":"bruno"},{"category":4,"name":"carlos"},{"category":4,"name":"david"},{"category":4,"name":"daniel"},{"category":4,"name":"cesar"},{"category":4,"name":"eli"},{"category":4,"name":"german"},{"category":4,"name":"mario"},{"category":4,"name":"veronica"},{"category":4,"name":"nestor"},{"category":4,"name":"martin"},{"category":4,"name":"lucas"},{"category":4,"name":"homer"},{"category":4,"name":"lisa"},{"category":4,"name":"maria"},{"category":4,"name":"jesus"},{"category":4,"name":"john"},{"category":4,"name":"rebecca"},{"category":4,"name":"christian"},{"category":4,"name":"emma"},{"category":4,"name":"olivia"},{"category":4,"name":"noah"},{"category":4,"name":"logan"},{"category":4,"name":"alex"},{"category":4,"name":"alexander"},{"category":4,"name":"alexandra"},{"category":4,"name":"alice"},{"category":4,"name":"andrea"},{"category":4,"name":"chloe"},{"category":4,"name":"damian"}]